1.68857E+12,2750,HTTP Request,200,OK,Thread Group2 2-10,text,TRUE,,620115,1306,10,20,https://accounts.google.com/v3/signin/identifier?dsh=S352434358%3A1688569217111796&continue=https%3A%2F%2Fmail.google.com%2Fmail%2Fu%2F0%2F&emr=1&followup=https%3A%2F%2Fmail.google.com%2Fmail%2Fu%2F0%2F&ifkv=AeDOFXg6HvaOcSavywzliYRusKKNxAimq0FUsp8IOZGeVpBnPtwSgupXr_fTFTdhPnOZKR6jtjMa&osid=1&passive=1209600&service=mail&flowName=WebLiteSignIn&flowEntry=ServiceLogin,139,0,111
1.68857E+12,139,HTTP Request-0,301,Moved Permanently,Thread Group2 2-10,text,TRUE,,622,111,10,20,https://gmail.com/,139,0,111
1.68857E+12,464,HTTP Request-1,302,Moved Temporarily,Thread Group2 2-10,text,TRUE,,1252,126,10,20,https://mail.google.com/mail/u/0/,463,0,105
1.68857E+12,557,HTTP Request-2,302,Moved Temporarily,Thread Group2 2-10,text,TRUE,,1906,261,10,20,https://accounts.google.com/ServiceLogin?service=mail&passive=1209600&osid=1&continue=https://mail.google.com/mail/u/0/&followup=https://mail.google.com/mail/u/0/&emr=1,557,0,277
1.68857E+12,262,HTTP Request-3,302,Moved Temporarily,Thread Group2 2-10,text,TRUE,,2057,349,10,20,https://accounts.google.com/InteractiveLogin?continue=https://mail.google.com/mail/u/0/&emr=1&followup=https://mail.google.com/mail/u/0/&osid=1&passive=1209600&service=mail&ifkv=AeDOFXgprOXH8UwB87D7XJy1aGb-S8OaWWxCd4W-yKMr7uWtsJUahpzsbLXFOWZebgFyHGNeV_QqXw,262,0,0
1.68857E+12,1326,HTTP Request-4,200,OK,Thread Group2 2-10,text,TRUE,,614278,459,10,20,https://accounts.google.com/v3/signin/identifier?dsh=S352434358%3A1688569217111796&continue=https%3A%2F%2Fmail.google.com%2Fmail%2Fu%2F0%2F&emr=1&followup=https%3A%2F%2Fmail.google.com%2Fmail%2Fu%2F0%2F&ifkv=AeDOFXg6HvaOcSavywzliYRusKKNxAimq0FUsp8IOZGeVpBnPtwSgupXr_fTFTdhPnOZKR6jtjMa&osid=1&passive=1209600&service=mail&flowName=WebLiteSignIn&flowEntry=ServiceLogin,271,0,0
1.68857E+12,2961,HTTP Request,200,OK,Thread Group2 2-9,text,TRUE,,633713,1307,9,19,https://accounts.google.com/v3/signin/identifier?dsh=S-872170921%3A1688569217104747&continue=https%3A%2F%2Fmail.google.com%2Fmail%2Fu%2F0%2F&emr=1&followup=https%3A%2F%2Fmail.google.com%2Fmail%2Fu%2F0%2F&ifkv=AeDOFXjU1nY6-vTpXtxFO3x79qBMgLDSdTjCbWv4qgsznzVCSiJA9mLfDnIYdJou0dP4i95oDzrT&osid=1&passive=1209600&service=mail&flowName=WebLiteSignIn&flowEntry=ServiceLogin,110,0,88
1.68857E+12,110,HTTP Request-0,301,Moved Permanently,Thread Group2 2-9,text,TRUE,,622,111,9,19,https://gmail.com/,110,0,88
1.68857E+12,590,HTTP Request-1,302,Moved Temporarily,Thread Group2 2-9,text,TRUE,,1252,126,9,19,https://mail.google.com/mail/u/0/,588,0,101
1.68857E+12,552,HTTP Request-2,302,Moved Temporarily,Thread Group2 2-9,text,TRUE,,1904,261,9,19,https://accounts.google.com/ServiceLogin?service=mail&passive=1209600&osid=1&continue=https://mail.google.com/mail/u/0/&followup=https://mail.google.com/mail/u/0/&emr=1,552,0,286
1.68857E+12,223,HTTP Request-3,302,Moved Temporarily,Thread Group2 2-9,text,TRUE,,2059,349,9,19,https://accounts.google.com/InteractiveLogin?continue=https://mail.google.com/mail/u/0/&emr=1&followup=https://mail.google.com/mail/u/0/&osid=1&passive=1209600&service=mail&ifkv=AeDOFXj7bG37QYpnbNUZK33PBwyKAP0vo3RBacb7kESxtHkAcAKnP8KA0qcZCb9O-rsq4wAgJTUFlw,223,0,0
1.68857E+12,1483,HTTP Request-4,200,OK,Thread Group2 2-9,text,TRUE,,627876,460,9,19,https://accounts.google.com/v3/signin/identifier?dsh=S-872170921%3A1688569217104747&continue=https%3A%2F%2Fmail.google.com%2Fmail%2Fu%2F0%2F&emr=1&followup=https%3A%2F%2Fmail.google.com%2Fmail%2Fu%2F0%2F&ifkv=AeDOFXjU1nY6-vTpXtxFO3x79qBMgLDSdTjCbWv4qgsznzVCSiJA9mLfDnIYdJou0dP4i95oDzrT&osid=1&passive=1209600&service=mail&flowName=WebLiteSignIn&flowEntry=ServiceLogin,240,0,0
1.68857E+12,3035,HTTP Request,200,OK,Users 1-9,text,TRUE,,620109,1307,10,18,https://accounts.google.com/v3/signin/identifier?dsh=S1175053943%3A1688569217092231&continue=https%3A%2F%2Fmail.google.com%2Fmail%2Fu%2F0%2F&emr=1&followup=https%3A%2F%2Fmail.google.com%2Fmail%2Fu%2F0%2F&ifkv=AeDOFXgq2_zfj6NNnE-SYaBM8pefqIAXU25wQlaJHcRfLx6ZrUTU4bjHmr1cP-t-HaqDwbg9SgIy&osid=1&passive=1209600&service=mail&flowName=WebLiteSignIn&flowEntry=ServiceLogin,102,0,83
1.68857E+12,102,HTTP Request-0,301,Moved Permanently,Users 1-9,text,TRUE,,622,111,10,18,https://gmail.com/,102,0,83
1.68857E+12,584,HTTP Request-1,302,Moved Temporarily,Users 1-9,text,TRUE,,1252,126,10,18,https://mail.google.com/mail/u/0/,584,0,101
1.68857E+12,554,HTTP Request-2,302,Moved Temporarily,Users 1-9,text,TRUE,,1906,261,10,18,https://accounts.google.com/ServiceLogin?service=mail&passive=1209600&osid=1&continue=https://mail.google.com/mail/u/0/&followup=https://mail.google.com/mail/u/0/&emr=1,554,0,272
1.68857E+12,230,HTTP Request-3,302,Moved Temporarily,Users 1-9,text,TRUE,,2059,349,10,18,https://accounts.google.com/InteractiveLogin?continue=https://mail.google.com/mail/u/0/&emr=1&followup=https://mail.google.com/mail/u/0/&osid=1&passive=1209600&service=mail&ifkv=AeDOFXhNOmHyek89w1W5ihaPcSst-esfLmGfj0KE2w-vvlhitq77giWA2LyaEbB8dUS0J_--7DlqkA,230,0,0
1.68857E+12,1563,HTTP Request-4,200,OK,Users 1-9,text,TRUE,,614270,460,10,18,https://accounts.google.com/v3/signin/identifier?dsh=S1175053943%3A1688569217092231&continue=https%3A%2F%2Fmail.google.com%2Fmail%2Fu%2F0%2F&emr=1&followup=https%3A%2F%2Fmail.google.com%2Fmail%2Fu%2F0%2F&ifkv=AeDOFXgq2_zfj6NNnE-SYaBM8pefqIAXU25wQlaJHcRfLx6ZrUTU4bjHmr1cP-t-HaqDwbg9SgIy&osid=1&passive=1209600&service=mail&flowName=WebLiteSignIn&flowEntry=ServiceLogin,246,0,0
1.68857E+12,3350,HTTP Request,200,OK,Users 1-7,text,TRUE,,619661,1309,9,17,https://accounts.google.com/v3/signin/identifier?dsh=S-671072099%3A1688569216562558&continue=https%3A%2F%2Fmail.google.com%2Fmail%2Fu%2F0%2F&emr=1&followup=https%3A%2F%2Fmail.google.com%2Fmail%2Fu%2F0%2F&ifkv=AeDOFXiSKm0KncL6fvzSF_Dbkum8fkabNQ1C76h807doAQs5_1SlRhdxVxV4gJra_N6pxYAnLIWKPg&osid=1&passive=1209600&service=mail&flowName=WebLiteSignIn&flowEntry=ServiceLogin,87,0,79
1.68857E+12,87,HTTP Request-0,301,Moved Permanently,Users 1-7,text,TRUE,,622,111,9,17,https://gmail.com/,87,0,79
1.68857E+12,493,HTTP Request-1,302,Moved Temporarily,Users 1-7,text,TRUE,,1252,126,9,17,https://mail.google.com/mail/u/0/,493,0,77
1.68857E+12,327,HTTP Request-2,302,Moved Temporarily,Users 1-7,text,TRUE,,1906,261,9,17,https://accounts.google.com/ServiceLogin?service=mail&passive=1209600&osid=1&continue=https://mail.google.com/mail/u/0/&followup=https://mail.google.com/mail/u/0/&emr=1,327,0,90
1.68857E+12,226,HTTP Request-3,302,Moved Temporarily,Users 1-7,text,TRUE,,2063,349,9,17,https://accounts.google.com/InteractiveLogin?continue=https://mail.google.com/mail/u/0/&emr=1&followup=https://mail.google.com/mail/u/0/&osid=1&passive=1209600&service=mail&ifkv=AeDOFXjcCUiC_1ZrgTH-JdjMJxsARGwJTAigW0eoKQ2trylr3PLB1zD4hygt5fVjVr-obvT_gXPsqQ,226,0,0
1.68857E+12,2216,HTTP Request-4,200,OK,Users 1-7,text,TRUE,,613818,462,9,17,https://accounts.google.com/v3/signin/identifier?dsh=S-671072099%3A1688569216562558&continue=https%3A%2F%2Fmail.google.com%2Fmail%2Fu%2F0%2F&emr=1&followup=https%3A%2F%2Fmail.google.com%2Fmail%2Fu%2F0%2F&ifkv=AeDOFXiSKm0KncL6fvzSF_Dbkum8fkabNQ1C76h807doAQs5_1SlRhdxVxV4gJra_N6pxYAnLIWKPg&osid=1&passive=1209600&service=mail&flowName=WebLiteSignIn&flowEntry=ServiceLogin,216,0,0
1.68857E+12,3461,HTTP Request,200,OK,Thread Group2 2-6,text,TRUE,,620274,1309,8,16,https://accounts.google.com/v3/signin/identifier?dsh=S1191269314%3A1688569216572471&continue=https%3A%2F%2Fmail.google.com%2Fmail%2Fu%2F0%2F&emr=1&followup=https%3A%2F%2Fmail.google.com%2Fmail%2Fu%2F0%2F&ifkv=AeDOFXjF2v56yfCxjTX7ehezncj5d8AEEogwdeqoYUsChqqlMT7GuAymXHzd_JPliDGtvAfzH1Xghg&osid=1&passive=1209600&service=mail&flowName=WebLiteSignIn&flowEntry=ServiceLogin,92,0,84
1.68857E+12,92,HTTP Request-0,301,Moved Permanently,Thread Group2 2-6,text,TRUE,,622,111,8,16,https://gmail.com/,92,0,84
1.68857E+12,586,HTTP Request-1,302,Moved Temporarily,Thread Group2 2-6,text,TRUE,,1252,126,8,16,https://mail.google.com/mail/u/0/,586,0,79
1.68857E+12,337,HTTP Request-2,302,Moved Temporarily,Thread Group2 2-6,text,TRUE,,1906,261,8,16,https://accounts.google.com/ServiceLogin?service=mail&passive=1209600&osid=1&continue=https://mail.google.com/mail/u/0/&followup=https://mail.google.com/mail/u/0/&emr=1,337,0,92
1.68857E+12,218,HTTP Request-3,302,Moved Temporarily,Thread Group2 2-6,text,TRUE,,2063,349,8,16,https://accounts.google.com/InteractiveLogin?continue=https://mail.google.com/mail/u/0/&emr=1&followup=https://mail.google.com/mail/u/0/&osid=1&passive=1209600&service=mail&ifkv=AeDOFXgDqzohwYAVknJ3QrvrW-S60CHcXquplkyGcWQ6YFRTXirgirnROpqtcKDp5sWV5n5dr2E4Fw,218,0,0
1.68857E+12,2226,HTTP Request-4,200,OK,Thread Group2 2-6,text,TRUE,,614431,462,8,16,https://accounts.google.com/v3/signin/identifier?dsh=S1191269314%3A1688569216572471&continue=https%3A%2F%2Fmail.google.com%2Fmail%2Fu%2F0%2F&emr=1&followup=https%3A%2F%2Fmail.google.com%2Fmail%2Fu%2F0%2F&ifkv=AeDOFXjF2v56yfCxjTX7ehezncj5d8AEEogwdeqoYUsChqqlMT7GuAymXHzd_JPliDGtvAfzH1Xghg&osid=1&passive=1209600&service=mail&flowName=WebLiteSignIn&flowEntry=ServiceLogin,192,0,0
1.68857E+12,3709,HTTP Request,200,OK,Thread Group2 2-4,text,TRUE,,619560,1305,7,15,https://accounts.google.com/v3/signin/identifier?dsh=S-821739350%3A1688569216227313&continue=https%3A%2F%2Fmail.google.com%2Fmail%2Fu%2F0%2F&emr=1&followup=https%3A%2F%2Fmail.google.com%2Fmail%2Fu%2F0%2F&ifkv=AeDOFXg3174G3YSacZTcza8nHE-BdQSQGKVJPQ-CzyYcbH_Oh38FYpRwVquZX0GUXA9KA1Qo2Cup&osid=1&passive=1209600&service=mail&flowName=WebLiteSignIn&flowEntry=ServiceLogin,94,0,78
1.68857E+12,94,HTTP Request-0,301,Moved Permanently,Thread Group2 2-4,text,TRUE,,622,111,7,15,https://gmail.com/,94,0,78
1.68857E+12,507,HTTP Request-1,302,Moved Temporarily,Thread Group2 2-4,text,TRUE,,1252,126,7,15,https://mail.google.com/mail/u/0/,507,0,82
1.68857E+12,264,HTTP Request-2,302,Moved Temporarily,Thread Group2 2-4,text,TRUE,,1904,261,7,15,https://accounts.google.com/ServiceLogin?service=mail&passive=1209600&osid=1&continue=https://mail.google.com/mail/u/0/&followup=https://mail.google.com/mail/u/0/&emr=1,264,0,105
1.68857E+12,107,HTTP Request-3,302,Moved Temporarily,Thread Group2 2-4,text,TRUE,,2059,347,7,15,https://accounts.google.com/InteractiveLogin?continue=https://mail.google.com/mail/u/0/&emr=1&followup=https://mail.google.com/mail/u/0/&osid=1&passive=1209600&service=mail&ifkv=AeDOFXjGpMJ9omsVXuNU1bMBKbtVwiH3qZeZpuuUmk0M-CTsPbBNqLVPjkkrbfg10cYh60Rk7u0u,107,0,0
1.68857E+12,2737,HTTP Request-4,200,OK,Thread Group2 2-4,text,TRUE,,613723,460,7,15,https://accounts.google.com/v3/signin/identifier?dsh=S-821739350%3A1688569216227313&continue=https%3A%2F%2Fmail.google.com%2Fmail%2Fu%2F0%2F&emr=1&followup=https%3A%2F%2Fmail.google.com%2Fmail%2Fu%2F0%2F&ifkv=AeDOFXg3174G3YSacZTcza8nHE-BdQSQGKVJPQ-CzyYcbH_Oh38FYpRwVquZX0GUXA9KA1Qo2Cup&osid=1&passive=1209600&service=mail&flowName=WebLiteSignIn&flowEntry=ServiceLogin,166,0,0
1.68857E+12,3200,HTTP Request,200,OK,Users 1-10,text,TRUE,,619963,1307,8,14,https://accounts.google.com/v3/signin/identifier?dsh=S-972175526%3A1688569217111940&continue=https%3A%2F%2Fmail.google.com%2Fmail%2Fu%2F0%2F&emr=1&followup=https%3A%2F%2Fmail.google.com%2Fmail%2Fu%2F0%2F&ifkv=AeDOFXg1_pMJ64AXEb2-_8n8gzvvpJuMD3zC_CnS2lucH74Oe1ya98xYq3SmdBwv-61A2zSyGCMf&osid=1&passive=1209600&service=mail&flowName=WebLiteSignIn&flowEntry=ServiceLogin,149,0,115
1.68857E+12,149,HTTP Request-0,301,Moved Permanently,Users 1-10,text,TRUE,,622,111,8,14,https://gmail.com/,149,0,115
1.68857E+12,445,HTTP Request-1,302,Moved Temporarily,Users 1-10,text,TRUE,,1252,126,8,14,https://mail.google.com/mail/u/0/,445,0,97
1.68857E+12,559,HTTP Request-2,302,Moved Temporarily,Users 1-10,text,TRUE,,1906,261,8,14,https://accounts.google.com/ServiceLogin?service=mail&passive=1209600&osid=1&continue=https://mail.google.com/mail/u/0/&followup=https://mail.google.com/mail/u/0/&emr=1,559,0,279
1.68857E+12,237,HTTP Request-3,302,Moved Temporarily,Users 1-10,text,TRUE,,2059,349,8,14,https://accounts.google.com/InteractiveLogin?continue=https://mail.google.com/mail/u/0/&emr=1&followup=https://mail.google.com/mail/u/0/&osid=1&passive=1209600&service=mail&ifkv=AeDOFXgLAkhUK_YIKAxr604Wpd-3io5Ocs0Goy2_G96PNv8aq8dce5jTejyRGPT5VdtKb-bO2A6DLw,237,0,0
1.68857E+12,1809,HTTP Request-4,200,OK,Users 1-10,text,TRUE,,614124,460,8,14,https://accounts.google.com/v3/signin/identifier?dsh=S-972175526%3A1688569217111940&continue=https%3A%2F%2Fmail.google.com%2Fmail%2Fu%2F0%2F&emr=1&followup=https%3A%2F%2Fmail.google.com%2Fmail%2Fu%2F0%2F&ifkv=AeDOFXg1_pMJ64AXEb2-_8n8gzvvpJuMD3zC_CnS2lucH74Oe1ya98xYq3SmdBwv-61A2zSyGCMf&osid=1&passive=1209600&service=mail&flowName=WebLiteSignIn&flowEntry=ServiceLogin,260,0,0
1.68857E+12,3600,HTTP Request,200,OK,Users 1-6,text,TRUE,,620088,1308,8,14,https://accounts.google.com/v3/signin/identifier?dsh=S974054704%3A1688569216564166&continue=https%3A%2F%2Fmail.google.com%2Fmail%2Fu%2F0%2F&emr=1&followup=https%3A%2F%2Fmail.google.com%2Fmail%2Fu%2F0%2F&ifkv=AeDOFXhkcJvRYJNdZhmG9E0lGv1gKdfeKFhYpEmUXoRyZejRHlm7tf406OiDAqsARt9kfMebcGMsJA&osid=1&passive=1209600&service=mail&flowName=WebLiteSignIn&flowEntry=ServiceLogin,91,0,83
1.68857E+12,91,HTTP Request-0,301,Moved Permanently,Users 1-6,text,TRUE,,622,111,8,14,https://gmail.com/,91,0,83
1.68857E+12,573,HTTP Request-1,302,Moved Temporarily,Users 1-6,text,TRUE,,1252,126,8,14,https://mail.google.com/mail/u/0/,573,0,86
1.68857E+12,347,HTTP Request-2,302,Moved Temporarily,Users 1-6,text,TRUE,,1906,261,8,14,https://accounts.google.com/ServiceLogin?service=mail&passive=1209600&osid=1&continue=https://mail.google.com/mail/u/0/&followup=https://mail.google.com/mail/u/0/&emr=1,347,0,96
1.68857E+12,219,HTTP Request-3,302,Moved Temporarily,Users 1-6,text,TRUE,,2061,349,8,14,https://accounts.google.com/InteractiveLogin?continue=https://mail.google.com/mail/u/0/&emr=1&followup=https://mail.google.com/mail/u/0/&osid=1&passive=1209600&service=mail&ifkv=AeDOFXhvdZ6OpxCnS6DgjAILO_m_D7FXuHUZTeedvJazFl3f0KOeZHO_ti7VV9zbNCNIltyEarhkjA,219,0,0
1.68857E+12,2369,HTTP Request-4,200,OK,Users 1-6,text,TRUE,,614247,461,8,14,https://accounts.google.com/v3/signin/identifier?dsh=S974054704%3A1688569216564166&continue=https%3A%2F%2Fmail.google.com%2Fmail%2Fu%2F0%2F&emr=1&followup=https%3A%2F%2Fmail.google.com%2Fmail%2Fu%2F0%2F&ifkv=AeDOFXhkcJvRYJNdZhmG9E0lGv1gKdfeKFhYpEmUXoRyZejRHlm7tf406OiDAqsARt9kfMebcGMsJA&osid=1&passive=1209600&service=mail&flowName=WebLiteSignIn&flowEntry=ServiceLogin,248,0,0
1.68857E+12,4212,HTTP Request,200,OK,Thread Group2 2-2,text,TRUE,,620342,1306,6,12,https://accounts.google.com/v3/signin/identifier?dsh=S-1660515711%3A1688569216241285&continue=https%3A%2F%2Fmail.google.com%2Fmail%2Fu%2F0%2F&emr=1&followup=https%3A%2F%2Fmail.google.com%2Fmail%2Fu%2F0%2F&ifkv=AeDOFXi39pONF10wqZ-mIBnSIGM0KHr8GXSeaU2goUsJjBmpeFwQkNz12zIuJJ25IXUBGMmCWoRx&osid=1&passive=1209600&service=mail&flowName=WebLiteSignIn&flowEntry=ServiceLogin,105,0,96
1.68857E+12,105,HTTP Request-0,301,Moved Permanently,Thread Group2 2-2,text,TRUE,,622,111,6,12,https://gmail.com/,105,0,96
1.68857E+12,686,HTTP Request-1,302,Moved Temporarily,Thread Group2 2-2,text,TRUE,,1252,126,6,12,https://mail.google.com/mail/u/0/,686,0,86
1.68857E+12,296,HTTP Request-2,302,Moved Temporarily,Thread Group2 2-2,text,TRUE,,1904,261,6,12,https://accounts.google.com/ServiceLogin?service=mail&passive=1209600&osid=1&continue=https://mail.google.com/mail/u/0/&followup=https://mail.google.com/mail/u/0/&emr=1,296,0,104
1.68857E+12,97,HTTP Request-3,302,Moved Temporarily,Thread Group2 2-2,text,TRUE,,2061,347,6,12,https://accounts.google.com/InteractiveLogin?continue=https://mail.google.com/mail/u/0/&emr=1&followup=https://mail.google.com/mail/u/0/&osid=1&passive=1209600&service=mail&ifkv=AeDOFXiuHs7kx4RkbZfxVyy-sSm2f4XOLGYS86Qm4U2JnDiLQOHdhiPsjePpSptxZoCbdZ35mmLi,97,0,0
1.68857E+12,3028,HTTP Request-4,200,OK,Thread Group2 2-2,text,TRUE,,614503,461,6,12,https://accounts.google.com/v3/signin/identifier?dsh=S-1660515711%3A1688569216241285&continue=https%3A%2F%2Fmail.google.com%2Fmail%2Fu%2F0%2F&emr=1&followup=https%3A%2F%2Fmail.google.com%2Fmail%2Fu%2F0%2F&ifkv=AeDOFXi39pONF10wqZ-mIBnSIGM0KHr8GXSeaU2goUsJjBmpeFwQkNz12zIuJJ25IXUBGMmCWoRx&osid=1&passive=1209600&service=mail&flowName=WebLiteSignIn&flowEntry=ServiceLogin,204,0,0
1.68857E+12,4260,HTTP Request,200,OK,Thread Group2 2-3,text,TRUE,,633734,1305,5,11,https://accounts.google.com/v3/signin/identifier?dsh=S-687053501%3A1688569216173877&continue=https%3A%2F%2Fmail.google.com%2Fmail%2Fu%2F0%2F&emr=1&followup=https%3A%2F%2Fmail.google.com%2Fmail%2Fu%2F0%2F&ifkv=AeDOFXjwxJoR4-JAHFwJk0CQYo7Z-NtsJjzDJZw6NtpYjNxVno1BM3Dia1TUlPPQUiEIB-L03Sbl&osid=1&passive=1209600&service=mail&flowName=WebLiteSignIn&flowEntry=ServiceLogin,99,0,89
1.68857E+12,99,HTTP Request-0,301,Moved Permanently,Thread Group2 2-3,text,TRUE,,622,111,5,11,https://gmail.com/,99,0,89
1.68857E+12,590,HTTP Request-1,302,Moved Temporarily,Thread Group2 2-3,text,TRUE,,1252,126,5,11,https://mail.google.com/mail/u/0/,589,0,77
1.68857E+12,236,HTTP Request-2,302,Moved Temporarily,Thread Group2 2-3,text,TRUE,,1904,261,5,11,https://accounts.google.com/ServiceLogin?service=mail&passive=1209600&osid=1&continue=https://mail.google.com/mail/u/0/&followup=https://mail.google.com/mail/u/0/&emr=1,236,0,91
1.68857E+12,98,HTTP Request-3,302,Moved Temporarily,Thread Group2 2-3,text,TRUE,,2059,347,5,11,https://accounts.google.com/InteractiveLogin?continue=https://mail.google.com/mail/u/0/&emr=1&followup=https://mail.google.com/mail/u/0/&osid=1&passive=1209600&service=mail&ifkv=AeDOFXjek4eBoI304WEXIkhv8FaPsXFsp7vPH05qCIyu7PApZTo2g7ygxMqTb8yd6wxh-PViyFAx,98,0,0
1.68857E+12,3237,HTTP Request-4,200,OK,Thread Group2 2-3,text,TRUE,,627897,460,5,11,https://accounts.google.com/v3/signin/identifier?dsh=S-687053501%3A1688569216173877&continue=https%3A%2F%2Fmail.google.com%2Fmail%2Fu%2F0%2F&emr=1&followup=https%3A%2F%2Fmail.google.com%2Fmail%2Fu%2F0%2F&ifkv=AeDOFXjwxJoR4-JAHFwJk0CQYo7Z-NtsJjzDJZw6NtpYjNxVno1BM3Dia1TUlPPQUiEIB-L03Sbl&osid=1&passive=1209600&service=mail&flowName=WebLiteSignIn&flowEntry=ServiceLogin,121,0,0
1.68857E+12,4312,HTTP Request,200,OK,Users 1-3,text,TRUE,,620304,1305,6,10,https://accounts.google.com/v3/signin/identifier?dsh=S1544449050%3A1688569216180608&continue=https%3A%2F%2Fmail.google.com%2Fmail%2Fu%2F0%2F&emr=1&followup=https%3A%2F%2Fmail.google.com%2Fmail%2Fu%2F0%2F&ifkv=AeDOFXhVEV43McRmG7hOPtWNSsI1huoOHGFHnWFHlMYq-_ZQEj1-P2ui6opzLQWwD7VEpxJwtYJK&osid=1&passive=1209600&service=mail&flowName=WebLiteSignIn&flowEntry=ServiceLogin,94,0,79
1.68857E+12,94,HTTP Request-0,301,Moved Permanently,Users 1-3,text,TRUE,,622,111,6,10,https://gmail.com/,94,0,79
1.68857E+12,592,HTTP Request-1,302,Moved Temporarily,Users 1-3,text,TRUE,,1252,126,6,10,https://mail.google.com/mail/u/0/,592,0,79
1.68857E+12,238,HTTP Request-2,302,Moved Temporarily,Users 1-3,text,TRUE,,1904,261,6,10,https://accounts.google.com/ServiceLogin?service=mail&passive=1209600&osid=1&continue=https://mail.google.com/mail/u/0/&followup=https://mail.google.com/mail/u/0/&emr=1,238,0,94
1.68857E+12,99,HTTP Request-3,302,Moved Temporarily,Users 1-3,text,TRUE,,2059,347,6,10,https://accounts.google.com/InteractiveLogin?continue=https://mail.google.com/mail/u/0/&emr=1&followup=https://mail.google.com/mail/u/0/&osid=1&passive=1209600&service=mail&ifkv=AeDOFXgrNlfHOMuPID2L6z92nRdkh1wesFPvXOciD9leQEm6fcSyW1zxajvM7Z_hWC5ZWS-d71Ch,99,0,0
1.68857E+12,3288,HTTP Request-4,200,OK,Users 1-3,text,TRUE,,614467,460,6,10,https://accounts.google.com/v3/signin/identifier?dsh=S1544449050%3A1688569216180608&continue=https%3A%2F%2Fmail.google.com%2Fmail%2Fu%2F0%2F&emr=1&followup=https%3A%2F%2Fmail.google.com%2Fmail%2Fu%2F0%2F&ifkv=AeDOFXhVEV43McRmG7hOPtWNSsI1huoOHGFHnWFHlMYq-_ZQEj1-P2ui6opzLQWwD7VEpxJwtYJK&osid=1&passive=1209600&service=mail&flowName=WebLiteSignIn&flowEntry=ServiceLogin,139,0,0
1.68857E+12,3827,HTTP Request,200,OK,Users 1-8,text,TRUE,,619893,1309,5,9,https://accounts.google.com/v3/signin/identifier?dsh=S1996683134%3A1688569216574241&continue=https%3A%2F%2Fmail.google.com%2Fmail%2Fu%2F0%2F&emr=1&followup=https%3A%2F%2Fmail.google.com%2Fmail%2Fu%2F0%2F&ifkv=AeDOFXj6Y8VvDfTL2Rav1GVf9mJR2Jrl7rO-7ehsyCv8NI5PJ-GSpNn6XMN9SO3qmuiquVD4vR3cpQ&osid=1&passive=1209600&service=mail&flowName=WebLiteSignIn&flowEntry=ServiceLogin,97,0,88
1.68857E+12,97,HTTP Request-0,301,Moved Permanently,Users 1-8,text,TRUE,,622,111,5,9,https://gmail.com/,97,0,88
1.68857E+12,397,HTTP Request-1,302,Moved Temporarily,Users 1-8,text,TRUE,,1252,126,5,9,https://mail.google.com/mail/u/0/,397,0,87
1.68857E+12,330,HTTP Request-2,302,Moved Temporarily,Users 1-8,text,TRUE,,1906,261,5,9,https://accounts.google.com/ServiceLogin?service=mail&passive=1209600&osid=1&continue=https://mail.google.com/mail/u/0/&followup=https://mail.google.com/mail/u/0/&emr=1,330,0,84
1.68857E+12,216,HTTP Request-3,302,Moved Temporarily,Users 1-8,text,TRUE,,2063,349,5,9,https://accounts.google.com/InteractiveLogin?continue=https://mail.google.com/mail/u/0/&emr=1&followup=https://mail.google.com/mail/u/0/&osid=1&passive=1209600&service=mail&ifkv=AeDOFXh0yDqr2JuJXi4ZdlHvEvK_xNgsen5FleJnmvJ2gYQyPu1ifakaHRxlpoz84hETooUdrzlGnw,216,0,0
1.68857E+12,2785,HTTP Request-4,200,OK,Users 1-8,text,TRUE,,614050,462,5,9,https://accounts.google.com/v3/signin/identifier?dsh=S1996683134%3A1688569216574241&continue=https%3A%2F%2Fmail.google.com%2Fmail%2Fu%2F0%2F&emr=1&followup=https%3A%2F%2Fmail.google.com%2Fmail%2Fu%2F0%2F&ifkv=AeDOFXj6Y8VvDfTL2Rav1GVf9mJR2Jrl7rO-7ehsyCv8NI5PJ-GSpNn6XMN9SO3qmuiquVD4vR3cpQ&osid=1&passive=1209600&service=mail&flowName=WebLiteSignIn&flowEntry=ServiceLogin,234,0,0
1.68857E+12,4639,HTTP Request,200,OK,Users 1-1,text,TRUE,,633568,1305,4,8,https://accounts.google.com/v3/signin/identifier?dsh=S1594619895%3A1688569216207081&continue=https%3A%2F%2Fmail.google.com%2Fmail%2Fu%2F0%2F&emr=1&followup=https%3A%2F%2Fmail.google.com%2Fmail%2Fu%2F0%2F&ifkv=AeDOFXiE_sbBn0S_XK_EUoKMVRMOqvmMYvK197dKWDaeFlmHU5uAjL9zs-33iz9cxj-OCsjISJ_Z&osid=1&passive=1209600&service=mail&flowName=WebLiteSignIn&flowEntry=ServiceLogin,199,0,181
1.68857E+12,199,HTTP Request-0,301,Moved Permanently,Users 1-1,text,TRUE,,622,111,4,8,https://gmail.com/,199,0,181
1.68857E+12,694,HTTP Request-1,302,Moved Temporarily,Users 1-1,text,TRUE,,1252,126,4,8,https://mail.google.com/mail/u/0/,694,0,81
1.68857E+12,263,HTTP Request-2,302,Moved Temporarily,Users 1-1,text,TRUE,,1904,261,4,8,https://accounts.google.com/ServiceLogin?service=mail&passive=1209600&osid=1&continue=https://mail.google.com/mail/u/0/&followup=https://mail.google.com/mail/u/0/&emr=1,263,0,95
1.68857E+12,101,HTTP Request-3,302,Moved Temporarily,Users 1-1,text,TRUE,,2059,347,4,8,https://accounts.google.com/InteractiveLogin?continue=https://mail.google.com/mail/u/0/&emr=1&followup=https://mail.google.com/mail/u/0/&osid=1&passive=1209600&service=mail&ifkv=AeDOFXgEB0tLuuP6UfaYZnywZUTtyZu5X_WPWe3eGRY5gVmpiZRvNvR0B1m2-ndg-TFNN1FaoeUL,101,0,0
1.68857E+12,3382,HTTP Request-4,200,OK,Users 1-1,text,TRUE,,627731,460,4,8,https://accounts.google.com/v3/signin/identifier?dsh=S1594619895%3A1688569216207081&continue=https%3A%2F%2Fmail.google.com%2Fmail%2Fu%2F0%2F&emr=1&followup=https%3A%2F%2Fmail.google.com%2Fmail%2Fu%2F0%2F&ifkv=AeDOFXiE_sbBn0S_XK_EUoKMVRMOqvmMYvK197dKWDaeFlmHU5uAjL9zs-33iz9cxj-OCsjISJ_Z&osid=1&passive=1209600&service=mail&flowName=WebLiteSignIn&flowEntry=ServiceLogin,203,0,0
1.68857E+12,4249,HTTP Request,200,OK,Users 1-5,text,TRUE,,633818,1305,3,7,https://accounts.google.com/v3/signin/identifier?dsh=S-318090269%3A1688569216170822&continue=https%3A%2F%2Fmail.google.com%2Fmail%2Fu%2F0%2F&emr=1&followup=https%3A%2F%2Fmail.google.com%2Fmail%2Fu%2F0%2F&ifkv=AeDOFXhYRuFL3nFCNWRmJLClZhFOZszDO470auErDhKlgADOSOk6wpcDiSgSVHv6wpiu92lcErDa&osid=1&passive=1209600&service=mail&flowName=WebLiteSignIn&flowEntry=ServiceLogin,90,0,81
1.68857E+12,90,HTTP Request-0,301,Moved Permanently,Users 1-5,text,TRUE,,622,111,3,7,https://gmail.com/,90,0,81
1.68857E+12,391,HTTP Request-1,302,Moved Temporarily,Users 1-5,text,TRUE,,1252,126,3,7,https://mail.google.com/mail/u/0/,390,0,86
1.68857E+12,237,HTTP Request-2,302,Moved Temporarily,Users 1-5,text,TRUE,,1904,261,3,7,https://accounts.google.com/ServiceLogin?service=mail&passive=1209600&osid=1&continue=https://mail.google.com/mail/u/0/&followup=https://mail.google.com/mail/u/0/&emr=1,237,0,94
1.68857E+12,95,HTTP Request-3,302,Moved Temporarily,Users 1-5,text,TRUE,,2059,347,3,7,https://accounts.google.com/InteractiveLogin?continue=https://mail.google.com/mail/u/0/&emr=1&followup=https://mail.google.com/mail/u/0/&osid=1&passive=1209600&service=mail&ifkv=AeDOFXg_Tybt1jH5YVPmxQ8u1pF8KuTZooHO3t01hJ2msLOLLqlP1-gi2CPVwcyBHHl38--bJKBk,95,0,0
1.68857E+12,3435,HTTP Request-4,200,OK,Users 1-5,text,TRUE,,627981,460,3,7,https://accounts.google.com/v3/signin/identifier?dsh=S-318090269%3A1688569216170822&continue=https%3A%2F%2Fmail.google.com%2Fmail%2Fu%2F0%2F&emr=1&followup=https%3A%2F%2Fmail.google.com%2Fmail%2Fu%2F0%2F&ifkv=AeDOFXhYRuFL3nFCNWRmJLClZhFOZszDO470auErDhKlgADOSOk6wpcDiSgSVHv6wpiu92lcErDa&osid=1&passive=1209600&service=mail&flowName=WebLiteSignIn&flowEntry=ServiceLogin,136,0,0
1.68857E+12,4601,HTTP Request,200,OK,Users 1-2,text,TRUE,,634831,1305,2,6,https://accounts.google.com/v3/signin/identifier?dsh=S1426193547%3A1688569216208095&continue=https%3A%2F%2Fmail.google.com%2Fmail%2Fu%2F0%2F&emr=1&followup=https%3A%2F%2Fmail.google.com%2Fmail%2Fu%2F0%2F&ifkv=AeDOFXg3_GXqRsXJ0iAjNNc9cohLPYiVHzLXZMIGr91r_OX1KPN5ND81m-kuJW8A6o1TaBKKOq9I&osid=1&passive=1209600&service=mail&flowName=WebLiteSignIn&flowEntry=ServiceLogin,109,0,92
1.68857E+12,109,HTTP Request-0,301,Moved Permanently,Users 1-2,text,TRUE,,622,111,2,6,https://gmail.com/,109,0,92
1.68857E+12,690,HTTP Request-1,302,Moved Temporarily,Users 1-2,text,TRUE,,1252,126,2,6,https://mail.google.com/mail/u/0/,690,0,83
1.68857E+12,263,HTTP Request-2,302,Moved Temporarily,Users 1-2,text,TRUE,,1904,261,2,6,https://accounts.google.com/ServiceLogin?service=mail&passive=1209600&osid=1&continue=https://mail.google.com/mail/u/0/&followup=https://mail.google.com/mail/u/0/&emr=1,263,0,103
1.68857E+12,95,HTTP Request-3,302,Moved Temporarily,Users 1-2,text,TRUE,,2059,347,2,6,https://accounts.google.com/InteractiveLogin?continue=https://mail.google.com/mail/u/0/&emr=1&followup=https://mail.google.com/mail/u/0/&osid=1&passive=1209600&service=mail&ifkv=AeDOFXiJGeYkjO9e8aK3CVexGaxKfWuHvVQXPqYZF9kEDJxkqoTsuozSuWoUFYaVXXGVzvMq3l--,95,0,0
1.68857E+12,3444,HTTP Request-4,200,OK,Users 1-2,text,TRUE,,628994,460,2,6,https://accounts.google.com/v3/signin/identifier?dsh=S1426193547%3A1688569216208095&continue=https%3A%2F%2Fmail.google.com%2Fmail%2Fu%2F0%2F&emr=1&followup=https%3A%2F%2Fmail.google.com%2Fmail%2Fu%2F0%2F&ifkv=AeDOFXg3_GXqRsXJ0iAjNNc9cohLPYiVHzLXZMIGr91r_OX1KPN5ND81m-kuJW8A6o1TaBKKOq9I&osid=1&passive=1209600&service=mail&flowName=WebLiteSignIn&flowEntry=ServiceLogin,415,0,0
1.68857E+12,4711,HTTP Request,200,OK,Thread Group2 2-1,text,TRUE,,620080,1306,4,5,https://accounts.google.com/v3/signin/identifier?dsh=S-1308298208%3A1688569216218324&continue=https%3A%2F%2Fmail.google.com%2Fmail%2Fu%2F0%2F&emr=1&followup=https%3A%2F%2Fmail.google.com%2Fmail%2Fu%2F0%2F&ifkv=AeDOFXiP5rNPVD3qJh4914ikdFrmKeXIrF7sPd6cLRwKdBPd-oWQhgLO49v3L3MnF2AKaJCI4cHo&osid=1&passive=1209600&service=mail&flowName=WebLiteSignIn&flowEntry=ServiceLogin,189,0,176
1.68857E+12,189,HTTP Request-0,301,Moved Permanently,Thread Group2 2-1,text,TRUE,,622,111,4,5,https://gmail.com/,189,0,176
1.68857E+12,702,HTTP Request-1,302,Moved Temporarily,Thread Group2 2-1,text,TRUE,,1252,126,4,5,https://mail.google.com/mail/u/0/,702,0,88
1.68857E+12,273,HTTP Request-2,302,Moved Temporarily,Thread Group2 2-1,text,TRUE,,1904,261,4,5,https://accounts.google.com/ServiceLogin?service=mail&passive=1209600&osid=1&continue=https://mail.google.com/mail/u/0/&followup=https://mail.google.com/mail/u/0/&emr=1,273,0,102
1.68857E+12,108,HTTP Request-3,302,Moved Temporarily,Thread Group2 2-1,text,TRUE,,2061,347,4,5,https://accounts.google.com/InteractiveLogin?continue=https://mail.google.com/mail/u/0/&emr=1&followup=https://mail.google.com/mail/u/0/&osid=1&passive=1209600&service=mail&ifkv=AeDOFXjBTfJC4ZPYJOJJKLE-POiFxN5ty_4qMUVMn25mkRSgBgKtj8OUbyzokTvcSm-YjApxp40q,108,0,0
1.68857E+12,3438,HTTP Request-4,200,OK,Thread Group2 2-1,text,TRUE,,614241,461,4,5,https://accounts.google.com/v3/signin/identifier?dsh=S-1308298208%3A1688569216218324&continue=https%3A%2F%2Fmail.google.com%2Fmail%2Fu%2F0%2F&emr=1&followup=https%3A%2F%2Fmail.google.com%2Fmail%2Fu%2F0%2F&ifkv=AeDOFXiP5rNPVD3qJh4914ikdFrmKeXIrF7sPd6cLRwKdBPd-oWQhgLO49v3L3MnF2AKaJCI4cHo&osid=1&passive=1209600&service=mail&flowName=WebLiteSignIn&flowEntry=ServiceLogin,154,0,0
1.68857E+12,4035,HTTP Request,200,OK,Thread Group2 2-8,text,TRUE,,620305,1309,3,4,https://accounts.google.com/v3/signin/identifier?dsh=S-586839203%3A1688569216632215&continue=https%3A%2F%2Fmail.google.com%2Fmail%2Fu%2F0%2F&emr=1&followup=https%3A%2F%2Fmail.google.com%2Fmail%2Fu%2F0%2F&ifkv=AeDOFXjktkDB13xd6Q2KNOjESCDp7JN7tOzMuya0RceYlQGoflH0mkfhdEopGS10b07y0uJzX7Wwig&osid=1&passive=1209600&service=mail&flowName=WebLiteSignIn&flowEntry=ServiceLogin,96,0,88
1.68857E+12,96,HTTP Request-0,301,Moved Permanently,Thread Group2 2-8,text,TRUE,,622,111,3,4,https://gmail.com/,96,0,88
1.68857E+12,383,HTTP Request-1,302,Moved Temporarily,Thread Group2 2-8,text,TRUE,,1252,126,3,4,https://mail.google.com/mail/u/0/,383,0,84
1.68857E+12,340,HTTP Request-2,302,Moved Temporarily,Thread Group2 2-8,text,TRUE,,1906,261,3,4,https://accounts.google.com/ServiceLogin?service=mail&passive=1209600&osid=1&continue=https://mail.google.com/mail/u/0/&followup=https://mail.google.com/mail/u/0/&emr=1,340,0,90
1.68857E+12,286,HTTP Request-3,302,Moved Temporarily,Thread Group2 2-8,text,TRUE,,2063,349,3,4,https://accounts.google.com/InteractiveLogin?continue=https://mail.google.com/mail/u/0/&emr=1&followup=https://mail.google.com/mail/u/0/&osid=1&passive=1209600&service=mail&ifkv=AeDOFXjNAWL7bRF3Hm_PsgFwXF7wA-h3sHJY4zYzudPt7r1RTUf8AvKV3r-IvmMwdmygkFEgSM47uA,286,0,0
1.68857E+12,2928,HTTP Request-4,200,OK,Thread Group2 2-8,text,TRUE,,614462,462,3,4,https://accounts.google.com/v3/signin/identifier?dsh=S-586839203%3A1688569216632215&continue=https%3A%2F%2Fmail.google.com%2Fmail%2Fu%2F0%2F&emr=1&followup=https%3A%2F%2Fmail.google.com%2Fmail%2Fu%2F0%2F&ifkv=AeDOFXjktkDB13xd6Q2KNOjESCDp7JN7tOzMuya0RceYlQGoflH0mkfhdEopGS10b07y0uJzX7Wwig&osid=1&passive=1209600&service=mail&flowName=WebLiteSignIn&flowEntry=ServiceLogin,222,0,0
1.68857E+12,5445,HTTP Request,200,OK,Thread Group2 2-5,text,TRUE,,619953,1305,2,3,https://accounts.google.com/v3/signin/identifier?dsh=S-754946466%3A1688569216179757&continue=https%3A%2F%2Fmail.google.com%2Fmail%2Fu%2F0%2F&emr=1&followup=https%3A%2F%2Fmail.google.com%2Fmail%2Fu%2F0%2F&ifkv=AeDOFXj73l82tU0cWIwaXGhnZEMk7iXOCn2eLRfdt7dGRGkmmh1S4X1dtL7K0vuzLkaKW1FtkyAY&osid=1&passive=1209600&service=mail&flowName=WebLiteSignIn&flowEntry=ServiceLogin,94,0,81
1.68857E+12,94,HTTP Request-0,301,Moved Permanently,Thread Group2 2-5,text,TRUE,,622,111,2,3,https://gmail.com/,94,0,81
1.68857E+12,384,HTTP Request-1,302,Moved Temporarily,Thread Group2 2-5,text,TRUE,,1252,126,2,3,https://mail.google.com/mail/u/0/,382,0,86
1.68857E+12,239,HTTP Request-2,302,Moved Temporarily,Thread Group2 2-5,text,TRUE,,1904,261,2,3,https://accounts.google.com/ServiceLogin?service=mail&passive=1209600&osid=1&continue=https://mail.google.com/mail/u/0/&followup=https://mail.google.com/mail/u/0/&emr=1,239,0,92
1.68857E+12,108,HTTP Request-3,302,Moved Temporarily,Thread Group2 2-5,text,TRUE,,2059,347,2,3,https://accounts.google.com/InteractiveLogin?continue=https://mail.google.com/mail/u/0/&emr=1&followup=https://mail.google.com/mail/u/0/&osid=1&passive=1209600&service=mail&ifkv=AeDOFXhVLxnWDm2OnooR6EQhM7S9SFNi5nxFiQ0IAhVzYpt-W2Zd5V3mjR55pW31EC29oiiUaz4N,108,0,0
1.68857E+12,4619,HTTP Request-4,200,OK,Thread Group2 2-5,text,TRUE,,614116,460,2,3,https://accounts.google.com/v3/signin/identifier?dsh=S-754946466%3A1688569216179757&continue=https%3A%2F%2Fmail.google.com%2Fmail%2Fu%2F0%2F&emr=1&followup=https%3A%2F%2Fmail.google.com%2Fmail%2Fu%2F0%2F&ifkv=AeDOFXj73l82tU0cWIwaXGhnZEMk7iXOCn2eLRfdt7dGRGkmmh1S4X1dtL7K0vuzLkaKW1FtkyAY&osid=1&passive=1209600&service=mail&flowName=WebLiteSignIn&flowEntry=ServiceLogin,124,0,0
1.68857E+12,5328,HTTP Request,200,OK,Thread Group2 2-7,text,TRUE,,620010,1308,1,2,https://accounts.google.com/v3/signin/identifier?dsh=S268484741%3A1688569216561206&continue=https%3A%2F%2Fmail.google.com%2Fmail%2Fu%2F0%2F&emr=1&followup=https%3A%2F%2Fmail.google.com%2Fmail%2Fu%2F0%2F&ifkv=AeDOFXhogcDfEmuETPLE-H0_mAICwkwkCsp0yP52xhAmNU-PMoFOk9DNFsk0rxG64PshbaPqTkjdOg&osid=1&passive=1209600&service=mail&flowName=WebLiteSignIn&flowEntry=ServiceLogin,88,0,81
1.68857E+12,88,HTTP Request-0,301,Moved Permanently,Thread Group2 2-7,text,TRUE,,622,111,1,2,https://gmail.com/,88,0,81
1.68857E+12,484,HTTP Request-1,302,Moved Temporarily,Thread Group2 2-7,text,TRUE,,1252,126,1,2,https://mail.google.com/mail/u/0/,484,0,77
1.68857E+12,338,HTTP Request-2,302,Moved Temporarily,Thread Group2 2-7,text,TRUE,,1906,261,1,2,https://accounts.google.com/ServiceLogin?service=mail&passive=1209600&osid=1&continue=https://mail.google.com/mail/u/0/&followup=https://mail.google.com/mail/u/0/&emr=1,338,0,93
1.68857E+12,215,HTTP Request-3,302,Moved Temporarily,Thread Group2 2-7,text,TRUE,,2061,349,1,2,https://accounts.google.com/InteractiveLogin?continue=https://mail.google.com/mail/u/0/&emr=1&followup=https://mail.google.com/mail/u/0/&osid=1&passive=1209600&service=mail&ifkv=AeDOFXii1Y9GjDNxxb0bJVXuwc5EoCrbCdmGvddAeS2wJIsHr6S6hNQpA5bJq2UbK-pTytlyeplW0w,215,0,0
1.68857E+12,4202,HTTP Request-4,200,OK,Thread Group2 2-7,text,TRUE,,614169,461,1,2,https://accounts.google.com/v3/signin/identifier?dsh=S268484741%3A1688569216561206&continue=https%3A%2F%2Fmail.google.com%2Fmail%2Fu%2F0%2F&emr=1&followup=https%3A%2F%2Fmail.google.com%2Fmail%2Fu%2F0%2F&ifkv=AeDOFXhogcDfEmuETPLE-H0_mAICwkwkCsp0yP52xhAmNU-PMoFOk9DNFsk0rxG64PshbaPqTkjdOg&osid=1&passive=1209600&service=mail&flowName=WebLiteSignIn&flowEntry=ServiceLogin,217,0,0
1.68857E+12,5677,HTTP Request,200,OK,Users 1-4,text,TRUE,,619691,1304,1,1,https://accounts.google.com/v3/signin/identifier?dsh=S805633887%3A1688569216194667&continue=https%3A%2F%2Fmail.google.com%2Fmail%2Fu%2F0%2F&emr=1&followup=https%3A%2F%2Fmail.google.com%2Fmail%2Fu%2F0%2F&ifkv=AeDOFXg3tzlSFFiG7Vv6MK4XFuISfl7_aRhG3J9_pPv4bb774V09c3bza-v5jqsTy3S1xZjsD22U&osid=1&passive=1209600&service=mail&flowName=WebLiteSignIn&flowEntry=ServiceLogin,89,0,80
1.68857E+12,89,HTTP Request-0,301,Moved Permanently,Users 1-4,text,TRUE,,622,111,1,1,https://gmail.com/,89,0,80
1.68857E+12,501,HTTP Request-1,302,Moved Temporarily,Users 1-4,text,TRUE,,1252,126,1,1,https://mail.google.com/mail/u/0/,499,0,83
1.68857E+12,250,HTTP Request-2,302,Moved Temporarily,Users 1-4,text,TRUE,,1904,261,1,1,https://accounts.google.com/ServiceLogin?service=mail&passive=1209600&osid=1&continue=https://mail.google.com/mail/u/0/&followup=https://mail.google.com/mail/u/0/&emr=1,250,0,94
1.68857E+12,101,HTTP Request-3,302,Moved Temporarily,Users 1-4,text,TRUE,,2057,347,1,1,https://accounts.google.com/InteractiveLogin?continue=https://mail.google.com/mail/u/0/&emr=1&followup=https://mail.google.com/mail/u/0/&osid=1&passive=1209600&service=mail&ifkv=AeDOFXhhmn3a0qSNyxmr4BYwFOVMwcBV32Q9o1ZyIss_iZ753t33OAGhvkvtY_VcT8k0IM_d3nGB,101,0,0
1.68857E+12,4736,HTTP Request-4,200,OK,Users 1-4,text,TRUE,,613856,459,1,1,https://accounts.google.com/v3/signin/identifier?dsh=S805633887%3A1688569216194667&continue=https%3A%2F%2Fmail.google.com%2Fmail%2Fu%2F0%2F&emr=1&followup=https%3A%2F%2Fmail.google.com%2Fmail%2Fu%2F0%2F&ifkv=AeDOFXg3tzlSFFiG7Vv6MK4XFuISfl7_aRhG3J9_pPv4bb774V09c3bza-v5jqsTy3S1xZjsD22U&osid=1&passive=1209600&service=mail&flowName=WebLiteSignIn&flowEntry=ServiceLogin,134,0,0
